"I enjoy romantic novels","Romance"
"I like books about space exploration","Science Fiction"
"Looking for books with dragons","Fantasy"
"Show me some mystery thrillers","Mystery"
"Find me historical fiction about ancient Rome","Historical Fiction"
"I want to read about deep sea adventures","Adventure"
"Recommend a book on Asia Development","History"
"Which are the best books on coding?","Technology"
"I need a good horror novel","Horror"
"Can you suggest a comedy book?","Comedy"
"Tell me about the best selling biographies","Biography"
"What's a good book on self-improvement?","Self-Help"
"I'm interested in science books","Science"
"Need a book about the universe","Astronomy"
"Looking for a good fantasy series","Fantasy"
"Find me some classic literature","Classic"
"Any good young adult romances?","Young Adult"
"Books with strong female leads","Fiction"
"Books about artificial intelligence","Science Fiction"
"Looking for a political thriller","Thriller"
"Recommend some spy novels","Espionage"
"Best books for learning photography","Art"
"Books on learning to cook","Cooking"
"I need poetry from the 19th century","Poetry"
"Suggest some action-packed books","Action"
"What are good books on meditation?","Health"
"Need suggestions for children's books","Children"
"Looking for epic tales from the Norse mythology","Mythology"
"Any contemporary romance novels?","Romance"
"Tell me about the best jazz biographies","Music"
"Find me books on ancient warfare","History"
"Books on modern philosophy","Philosophy"
"Science books for teens","Science"
"Best books on personal finance","Economics"
"I want to learn about ancient Egypt","History"
"Books that inspire travel","Travel"
"Great novels of the last decade","Fiction"
"What are the best books on film making?","Film"
"I need a good laugh, any comedy book recommendations?","Comedy"
"Tell me about best sellers in the 90s","History"
"What is a good book on digital marketing?","Business"
"Best books on space travel","Science Fiction"
"Any good detective stories?","Mystery"
"Looking for war memoirs","Memoir"
"Romantic poetry books","Poetry"
"Find me a good autobiography","Biography"
"Great books on classical music","Music"
"Children's books about space","Science"
"Books on Shakespeare's plays","Literature"
"Tell me about philosophical books","Philosophy"
"Biographies of famous scientists","Biography"
"What are some must-read classics?","Classic"
"Good books on environmental science","Environment"
"Books about the Renaissance","History"
"I love dramatic novels","Drama"
"Find books on innovative technology","Technology"
"Need books on political science","Politics"
"Suggest some fantasy books about dragons","Fantasy"
"Books on managing stress","Self-Help"
"Novels with magical realism","Fiction"
"Recommend some science fiction from the 20th century","Science Fiction"
"Thrillers with a psychological twist","Thriller"
"Find me something about early explorers","History"
"Books on the art of negotiation","Business"
"Any good espionage novels?","Espionage"
"Best books on building a business","Business"
"Books about the Internet's development","Technology"
"Detective novels with female leads","Mystery"
"Interested in mindset training","Self-Help"
"Books on wildlife conservation","Environment"
"Show me award-winning plays","Drama"
"Biography books on athletes","Biography"
"Find me good chick lit books","Fiction"
"Suggest books on cosmic phenomena","Astronomy"
"Best books on Buddhism","Religion"
"Reads on the American Revolution","History"
"Show me the best of postmodern literature","Literature"
"Looking for a guide on painting","Art"
"Books on cyber security","Technology"
"Novels based on true events","Historical Fiction"
"Find me some existentialist literature","Philosophy"
"Books about World War I","History"
"Recommend some epic fantasy series","Fantasy"
"Books with intricate plots","Fiction"
"Looking for poetry by contemporary poets","Poetry"
"Tell me about innovative science books","Science"
"Books on virtual reality","Technology"
"Thriller books with a historic twist","Thriller"
"Books about leadership","Business"
"Books on technology","Technology"
"Looking for books with imagination","Fantasy"
"Books for fiction","Fiction"
"Books on disruptive technology","Technology"
"Guide me to a book about the French Revolution","History"
"Looking for an engaging romance novel","Romance"
"Best science books for beginners","Science"
"What's a good adventure story for teenagers?","Adventure"
"Books about innovations in technology","Technology"
"Need a classic book that is a must-read","Classic"
"I want to read about medieval history","History"
"Suggest a book on modern art techniques","Art"
"Find me a thriller that's set in Europe","Thriller"
"I love epic space operas","Science Fiction"
"Any comedic book recommendations?","Comedy"
"Books with vampires and supernatural themes","Fantasy"
"Recommend a book about the stock market","Economics"
"Looking for a novel set during the World War II","Historical Fiction"
"Any recent award-winning novels?","Fiction"
"Books that explain quantum physics","Science"
"Tell me about books that inspire positive living","Self-Help"
"What are some good books on ancient philosophy?","Philosophy"
"Novels that explore deep sea mysteries","Adventure"
"A book from a Nobel Prize winning author","Literature"
"I want to read a spy thriller","Espionage"
"Books on how to start a small business","Business"
"Find me a mystery with a female detective","Mystery"
"Any good biographies on musicians?","Biography"
"I need a book on how to improve my cooking skills","Cooking"
"Looking for a poetry book for beginners","Poetry"
"Books about major world religions","Religion"
"Recommend a book on environmental conservation","Environment"
"Tell me about the Renaissance art period","Art"
"Looking for a horror book with ghosts","Horror"
"Books on early human civilizations","History"
"A good drama novel for a book club","Drama"
"Non-fiction books about space exploration","Science"
"Childrenâ€™s books about dinosaurs","Children"
"Romantic novels set in Paris","Romance"
"Thriller books about cybercrimes","Thriller"
"Fantasy books about mythical creatures","Fantasy"
"Books on learning digital photography","Art"
"Detective novels from the Victorian era","Mystery"
"Biographies of famous political leaders","Biography"
"A book about the philosophy of science","Philosophy"
"Poetry collections from the Romantic period","Poetry"
"Self-help books on dealing with anxiety","Self-Help"
"Books about the American Civil War","History"
"A novel that deals with family dynamics","Fiction"
"Science fiction involving time travel","Science Fiction"
"Books on managing personal finances","Economics"
"How to books about gardening","Hobby"
"Classic novels from the 20th century","Classic"
"Books about medieval knights and castles","Historical Fiction"
"Non-fiction books on climate change","Environment"
"Adventure books about mountain climbing","Adventure"
"Looking for a book about mindfulness meditation","Health"
"Best books for understanding economics","Economics"
"Novels featuring courtroom drama","Drama"
"Books on ancient Greek myths","Mythology"
"Psychology books for beginners","Psychology"
"Books on modern architectural designs","Art"
"Recommend a good music theory book","Music"
"Sports biographies about football players","Biography"
"Books on understanding modern art","Art"
"Crime novels based in New York City","Mystery"
"Books on starting an online business","Business"
"Sci-fi novels with alien invasions","Science Fiction"
"Books about the history of the internet","Technology"
"Novels that are based on true stories","Historical Fiction"
"Fantasy books with strong female leads","Fantasy"
"Books about World War I","History"
"Romantic comedies set in high school","Romance"
"Non-fiction books about the mafia","True Crime"
"Books on the fundamentals of painting","Art"
"Self-help books on building confidence","Self-Help"
"Biographies about filmmakers","Biography"
"Books on solar energy technology","Technology"
"Horror stories about haunted houses","Horror"
"Books on ancient Egyptian gods","Mythology"
"Travel books about Southeast Asia","Travel"
"Books on learning programming for beginners","Technology"
"Books about the development of mathematics","Science"
"Adventure novels with pirates","Adventure"
"Books on improving public speaking skills","Business"
"Children's books with talking animals","Children"
"Books on the history of ballet","Art"
"Psychological thrillers involving mind games","Thriller"
"Books on early explorations of Africa","History"
"Books about innovations in medical science","Science"
"Looking for books on classical music composition","Music"
